tier	id	pipeline	dataset	base	watch
0	base-ko-fleurs_ko-en_worklog	asr.qwen-seg-ko+mt.qwen3.5-4b	fleurs_ko-en_worklog	-	v1 baseline for the rows below (reuse an existing run of the same code if one exists)
0	parity-ko-fleurs_ko-en_worklog	asr.qwen-seg-v2-ko+mt.qwen3.5-4b_off	fleurs_ko-en_worklog	asr.qwen-seg-ko+mt.qwen3.5-4b	PARITY: compare.py must show 0 changed items and no non-wall-clock metric change
0	base-en-fleurs_en-ko_worklog	asr.qwen-seg-en+mt.qwen3.5-4b	fleurs_en-ko_worklog	-	v1 baseline for the rows below (reuse an existing run of the same code if one exists)
0	parity-en-fleurs_en-ko_worklog	asr.qwen-seg-v2-en+mt.qwen3.5-4b_off	fleurs_en-ko_worklog	asr.qwen-seg-en+mt.qwen3.5-4b	PARITY: compare.py must show 0 changed items and no non-wall-clock metric change
0	base-ko-fleurs_en-ko_worklog	asr.qwen-seg-ko+mt.qwen3.5-4b	fleurs_en-ko_worklog	-	v1 baseline for the rows below (reuse an existing run of the same code if one exists)
0	parity-ko-fleurs_en-ko_worklog	asr.qwen-seg-v2-ko+mt.qwen3.5-4b_off	fleurs_en-ko_worklog	asr.qwen-seg-ko+mt.qwen3.5-4b	PARITY: compare.py must show 0 changed items and no non-wall-clock metric change
0	base-en-fleurs_ko-en_worklog	asr.qwen-seg-en+mt.qwen3.5-4b	fleurs_ko-en_worklog	-	v1 baseline for the rows below (reuse an existing run of the same code if one exists)
0	parity-en-fleurs_ko-en_worklog	asr.qwen-seg-v2-en+mt.qwen3.5-4b_off	fleurs_ko-en_worklog	asr.qwen-seg-en+mt.qwen3.5-4b	PARITY: compare.py must show 0 changed items and no non-wall-clock metric change
0	base-ko-fleurs_ko-en_hall_worklog	asr.qwen-seg-ko+mt.qwen3.5-4b	fleurs_ko-en_hall_worklog	-	v1 baseline for the rows below (reuse an existing run of the same code if one exists)
0	parity-ko-fleurs_ko-en_hall_worklog	asr.qwen-seg-v2-ko+mt.qwen3.5-4b_off	fleurs_ko-en_hall_worklog	asr.qwen-seg-ko+mt.qwen3.5-4b	PARITY: compare.py must show 0 changed items and no non-wall-clock metric change
0	base-ko-fleurs_ko+en-en_lvl26_worklog	asr.qwen-seg-ko+mt.qwen3.5-4b	fleurs_ko+en-en_lvl26_worklog	-	v1 baseline for the rows below (reuse an existing run of the same code if one exists)
0	parity-ko-fleurs_ko+en-en_lvl26_worklog	asr.qwen-seg-v2-ko+mt.qwen3.5-4b_off	fleurs_ko+en-en_lvl26_worklog	asr.qwen-seg-ko+mt.qwen3.5-4b	PARITY: compare.py must show 0 changed items and no non-wall-clock metric change
0	base-en-fleurs_ko+en-en_lvl26_worklog	asr.qwen-seg-en+mt.qwen3.5-4b	fleurs_ko+en-en_lvl26_worklog	-	v1 baseline for the rows below (reuse an existing run of the same code if one exists)
0	parity-en-fleurs_ko+en-en_lvl26_worklog	asr.qwen-seg-v2-en+mt.qwen3.5-4b_off	fleurs_ko+en-en_lvl26_worklog	asr.qwen-seg-en+mt.qwen3.5-4b	PARITY: compare.py must show 0 changed items and no non-wall-clock metric change
0	base-ko-northstar_en+ko-en	asr.qwen-seg-ko+mt.qwen3.5-4b	northstar_en+ko-en	-	v1 baseline for the rows below (reuse an existing run of the same code if one exists)
0	parity-ko-northstar_en+ko-en	asr.qwen-seg-v2-ko+mt.qwen3.5-4b_off	northstar_en+ko-en	asr.qwen-seg-ko+mt.qwen3.5-4b	PARITY: compare.py must show 0 changed items and no non-wall-clock metric change
0	base-en-northstar_en+ko-en	asr.qwen-seg-en+mt.qwen3.5-4b	northstar_en+ko-en	-	v1 baseline for the rows below (reuse an existing run of the same code if one exists)
0	parity-en-northstar_en+ko-en	asr.qwen-seg-v2-en+mt.qwen3.5-4b_off	northstar_en+ko-en	asr.qwen-seg-en+mt.qwen3.5-4b	PARITY: compare.py must show 0 changed items and no non-wall-clock metric change
0	base-ko-northstar_en+ko-ko	asr.qwen-seg-ko+mt.qwen3.5-4b	northstar_en+ko-ko	-	v1 baseline for the rows below (reuse an existing run of the same code if one exists)
0	parity-ko-northstar_en+ko-ko	asr.qwen-seg-v2-ko+mt.qwen3.5-4b_off	northstar_en+ko-ko	asr.qwen-seg-ko+mt.qwen3.5-4b	PARITY: compare.py must show 0 changed items and no non-wall-clock metric change
0	base-ko-northstar_en+ko-en_restaurant+cafe	asr.qwen-seg-ko+mt.qwen3.5-4b	northstar_en+ko-en_restaurant+cafe	-	v1 baseline for the rows below (reuse an existing run of the same code if one exists)
0	parity-ko-northstar_en+ko-en_restaurant+cafe	asr.qwen-seg-v2-ko+mt.qwen3.5-4b_off	northstar_en+ko-en_restaurant+cafe	asr.qwen-seg-ko+mt.qwen3.5-4b	PARITY: compare.py must show 0 changed items and no non-wall-clock metric change
0	parity-vad2	asr.qwen-seg-v2-ko+mt.qwen3.5-4b_vad2fixed	northstar_en+ko-en	asr.qwen-seg-v2-ko+mt.qwen3.5-4b_off	PARITY: silero:v2 fixed tuner == silero
0	parity-mt2	asr.qwen-seg-v2-ko+mt.qwen3.5-v2-4b_off	fleurs_ko-en_worklog	asr.qwen-seg-v2-ko+mt.qwen3.5-4b_off	PARITY: qwen3.5:v2 with options off == qwen3.5
1	nospeech-en-fleurs_en-ko_worklog	asr.qwen-seg-v2-en+mt.qwen3.5-4b_nospeech	fleurs_en-ko_worklog	asr.qwen-seg-v2-en+mt.qwen3.5-4b_off	A1: made-up phrases over silence (en_1755, en_1660...) gone; DROP no-speech up; WER down; no new deletions in controls
1	fragment-en-fleurs_en-ko_worklog	asr.qwen-seg-v2-en+mt.qwen3.5-4b_fragment	fleurs_en-ko_worklog	asr.qwen-seg-v2-en+mt.qwen3.5-4b_off	A2: en_1845 'In a carriage,', en_1946 'Cancellation policies vary,' kept
1	boundary-en-fleurs_en-ko_worklog	asr.qwen-seg-v2-en+mt.qwen3.5-4b_boundary	fleurs_en-ko_worklog	asr.qwen-seg-v2-en+mt.qwen3.5-4b_off	A3: en_1877 'A city fifty kilometers...' and en_1682 kept; DEDUP-SKIP seg-boundary-dedup down
1	carry-en-fleurs_en-ko_worklog	asr.qwen-seg-v2-en+mt.qwen3.5-4b_carry	fleurs_en-ko_worklog	asr.qwen-seg-v2-en+mt.qwen3.5-4b_off	A4: en_1844, en_2001, en_1813, en_1960, en_1718 regain lost halves; CARRY-DECODE fires
1	carry-ko-fleurs_en-ko_worklog	asr.qwen-seg-v2-ko+mt.qwen3.5-4b_carry	fleurs_en-ko_worklog	asr.qwen-seg-v2-ko+mt.qwen3.5-4b_off	A4: en_1673, en_1738, en_1844, en_1989 regain lost second halves
1	resync-en-fleurs_en-ko_worklog	asr.qwen-seg-v2-en+mt.qwen3.5-4b_resync	fleurs_en-ko_worklog	asr.qwen-seg-v2-en+mt.qwen3.5-4b_off	A5/N5: en_1718, en_1863 loops no longer wipe later words; CURSOR-RESYNC fires; watch for duplicate commits
1	partials-en-fleurs_en-ko_worklog	asr.qwen-seg-v2-en+mt.qwen3.5-4b_partials	fleurs_en-ko_worklog	asr.qwen-seg-v2-en+mt.qwen3.5-4b_off	A9: partials containing 'language' drop to 0 (count in events.jsonl)
1	tailkeep-en-fleurs_en-ko_worklog	asr.qwen-seg-v2-en+mt.qwen3.5-4b_tailkeep	fleurs_en-ko_worklog	asr.qwen-seg-v2-en+mt.qwen3.5-4b_off	N8: last word before a VAD flush; WER on controls must not rise
1	split-en-fleurs_en-ko_worklog	asr.qwen-seg-v2-en+mt.qwen3.5-4b_split	fleurs_en-ko_worklog	asr.qwen-seg-v2-en+mt.qwen3.5-4b_off	A10: fewer 1-2 word fragments of the next item at vad flushes
1	filter-canned-en-fleurs_en-ko_worklog	asr.qwen-seg-v2-en+mt.qwen3.5-4b_filter-canned	fleurs_en-ko_worklog	asr.qwen-seg-v2-en+mt.qwen3.5-4b_off	A6: 'I want to buy a new car.' etc. gone (DROP canned-phrase); WER down
1	asrfix-en-fleurs_en-ko_worklog	asr.qwen-seg-v2-en+mt.qwen3.5-4b_asrfix	fleurs_en-ko_worklog	asr.qwen-seg-v2-en+mt.qwen3.5-4b_off	all ASR flags together vs off
1	langlist-en-fleurs_ko-en_worklog	asr.qwen-seg-v2-en+mt.qwen3.5-4b_langlist	fleurs_ko-en_worklog	asr.qwen-seg-v2-en+mt.qwen3.5-4b_off	A8: ko_1829 language list not committed
1	filter-en-fleurs_ko-en_worklog	asr.qwen-seg-v2-en+mt.qwen3.5-4b_filter	fleurs_ko-en_worklog	asr.qwen-seg-v2-en+mt.qwen3.5-4b_off	A7/foreign script: 啊。 in ko_1796/1800/1849/1900/1904 dropped
1	open-en-fleurs_ko-en_worklog	asr.qwen-seg-v2-en+mt.qwen3.5-4b_open	fleurs_ko-en_worklog	asr.qwen-seg-v2-en+mt.qwen3.5-4b_off	M1: honest lang_detect_accuracy for the en model on Korean; WER effect
1	filter-ko-fleurs_ko-en_worklog	asr.qwen-seg-v2-ko+mt.qwen3.5-4b_filter	fleurs_ko-en_worklog	asr.qwen-seg-v2-ko+mt.qwen3.5-4b_off	A7: filler-only commits (ko_1766, ko_1820, ko_1999) dropped; WER not worse
1	open-ko-fleurs_ko-en_worklog	asr.qwen-seg-v2-ko+mt.qwen3.5-4b_open	fleurs_ko-en_worklog	asr.qwen-seg-v2-ko+mt.qwen3.5-4b_off	M1: honest lang_detect_accuracy; WER effect
1	carry-ko-fleurs_ko-en_worklog	asr.qwen-seg-v2-ko+mt.qwen3.5-4b_carry	fleurs_ko-en_worklog	asr.qwen-seg-v2-ko+mt.qwen3.5-4b_off	A4 on Korean audio (ko_1944 for en model is in the en row set)
1	resync-ko-fleurs_ko-en_hall_worklog	asr.qwen-seg-v2-ko+mt.qwen3.5-4b_resync	fleurs_ko-en_hall_worklog	asr.qwen-seg-v2-ko+mt.qwen3.5-4b_off	A5: ko_1848/1887/1902/1931/1946 keep the words after a loop
1	loopguard-ko-fleurs_ko-en_hall_worklog	asr.qwen-seg-v2-ko+mt.qwen3.5-4b_loopguard	fleurs_ko-en_hall_worklog	asr.qwen-seg-v2-ko+mt.qwen3.5-4b_off	A5/N6: loops cut early (LOOP-GUARD); ko_1902, ko_1931 no longer only '아니, 아니, 아니.'
1	filter-ko-fleurs_ko-en_hall_worklog	asr.qwen-seg-v2-ko+mt.qwen3.5-4b_filter	fleurs_ko-en_hall_worklog	asr.qwen-seg-v2-ko+mt.qwen3.5-4b_off	A5/A7: repeated/filler commits dropped
1	asrfix-ko-fleurs_ko-en_hall_worklog	asr.qwen-seg-v2-ko+mt.qwen3.5-4b_asrfix	fleurs_ko-en_hall_worklog	asr.qwen-seg-v2-ko+mt.qwen3.5-4b_off	all ASR flags together vs off
1	resync-ko-fleurs_ko+en-en_lvl26_worklog	asr.qwen-seg-v2-ko+mt.qwen3.5-4b_resync	fleurs_ko+en-en_lvl26_worklog	asr.qwen-seg-v2-ko+mt.qwen3.5-4b_off	A5: conv0024 English turn (11.2-19.9 s) no longer wiped
1	loopguard-ko-fleurs_ko+en-en_lvl26_worklog	asr.qwen-seg-v2-ko+mt.qwen3.5-4b_loopguard	fleurs_ko+en-en_lvl26_worklog	asr.qwen-seg-v2-ko+mt.qwen3.5-4b_off	A5: conv0001/0024/0025/0038/0043 loops
1	fragment-en-fleurs_ko+en-en_lvl26_worklog	asr.qwen-seg-v2-en+mt.qwen3.5-4b_fragment	fleurs_ko+en-en_lvl26_worklog	asr.qwen-seg-v2-en+mt.qwen3.5-4b_off	A2: conv0004 'Needless to say,', conv0024, conv0026 'However,' kept
1	boundary-en-fleurs_ko+en-en_lvl26_worklog	asr.qwen-seg-v2-en+mt.qwen3.5-4b_boundary	fleurs_ko+en-en_lvl26_worklog	asr.qwen-seg-v2-en+mt.qwen3.5-4b_off	A3: conv0016 'At the other end of the spectrum' kept
1	resync-ko-northstar_en+ko-en	asr.qwen-seg-v2-ko+mt.qwen3.5-4b_resync	northstar_en+ko-en	asr.qwen-seg-v2-ko+mt.qwen3.5-4b_off	N5: '3시 반이요?' (s2 152.6) committed; count of never-emitted units
1	dotcarry-ko-northstar_en+ko-en	asr.qwen-seg-v2-ko+mt.qwen3.5-4b_dotcarry	northstar_en+ko-en	asr.qwen-seg-v2-ko+mt.qwen3.5-4b_off	N7: s4 '괜찮습니다.' not committed twice
1	tailkeep-ko-northstar_en+ko-en	asr.qwen-seg-v2-ko+mt.qwen3.5-4b_tailkeep	northstar_en+ko-en	asr.qwen-seg-v2-ko+mt.qwen3.5-4b_off	N8: 'in the whole world', 'not-spicy one' endings
1	split-ko-northstar_en+ko-en	asr.qwen-seg-v2-ko+mt.qwen3.5-4b_split	northstar_en+ko-en	asr.qwen-seg-v2-ko+mt.qwen3.5-4b_off	A10: next speaker's first word no longer glued to vad flushes (뭐 뭐 / Would you / The)
1	loopguard-ko-northstar_en+ko-en	asr.qwen-seg-v2-ko+mt.qwen3.5-4b_loopguard	northstar_en+ko-en	asr.qwen-seg-v2-ko+mt.qwen3.5-4b_off	N6: s4 56.6 '응, 응. 나 아홉 시 반까지 갈게.' kept
1	asrfix-ko-northstar_en+ko-en	asr.qwen-seg-v2-ko+mt.qwen3.5-4b_asrfix	northstar_en+ko-en	asr.qwen-seg-v2-ko+mt.qwen3.5-4b_off	all ASR flags together vs off
2	label-ko-northstar_en+ko-en	asr.qwen-seg-v2-ko+mt.qwen3.5-4b_label	northstar_en+ko-en	asr.qwen-seg-v2-ko+mt.qwen3.5-4b_off	B7/T1/N2: passthrough_share -> ~0, lang_detect_accuracy up, BLEU up (en x mix BLEU 2.1 before)
2	label-en-northstar_en+ko-en	asr.qwen-seg-v2-en+mt.qwen3.5-4b_label	northstar_en+ko-en	asr.qwen-seg-v2-en+mt.qwen3.5-4b_off	B7/T1/N2: passthrough_share -> ~0, lang_detect_accuracy up, BLEU up (en x mix BLEU 2.1 before)
2	label-ko-northstar_en+ko-ko	asr.qwen-seg-v2-ko+mt.qwen3.5-4b_label	northstar_en+ko-ko	asr.qwen-seg-v2-ko+mt.qwen3.5-4b_off	B7/T1/N2: passthrough_share -> ~0, lang_detect_accuracy up, BLEU up (en x mix BLEU 2.1 before)
2	label-en-fleurs_ko+en-en_lvl26_worklog	asr.qwen-seg-v2-en+mt.qwen3.5-4b_label	fleurs_ko+en-en_lvl26_worklog	asr.qwen-seg-v2-en+mt.qwen3.5-4b_off	B7/T1/N2: passthrough_share -> ~0, lang_detect_accuracy up, BLEU up (en x mix BLEU 2.1 before)
2	label-ko-fleurs_ko+en-en_lvl26_worklog	asr.qwen-seg-v2-ko+mt.qwen3.5-4b_label	fleurs_ko+en-en_lvl26_worklog	asr.qwen-seg-v2-ko+mt.qwen3.5-4b_off	B7/T1/N2: passthrough_share -> ~0, lang_detect_accuracy up, BLEU up (en x mix BLEU 2.1 before)
2	filter-ko-ns	asr.qwen-seg-v2-ko+mt.qwen3.5-4b_filter	northstar_en+ko-en	asr.qwen-seg-v2-ko+mt.qwen3.5-4b_off	A5/A7 on conversation: filler/loop commits dropped; check real backchannels (BC tag lines) survive
3	vad550-ko-northstar_en+ko-en	asr.qwen-seg-v2-ko+mt.qwen3.5-4b_vad550	northstar_en+ko-en	asr.qwen-seg-v2-ko+mt.qwen3.5-4b_off	N1/B7: speech_segment_* down, lang_detect_accuracy up, WER/COMET, commit_gap_p90/max, LongYAAL
3	vad400-ko-northstar_en+ko-en	asr.qwen-seg-v2-ko+mt.qwen3.5-4b_vad400	northstar_en+ko-en	asr.qwen-seg-v2-ko+mt.qwen3.5-4b_off	N1/B7: speech_segment_* down, lang_detect_accuracy up, WER/COMET, commit_gap_p90/max, LongYAAL
3	vad250-ko-northstar_en+ko-en	asr.qwen-seg-v2-ko+mt.qwen3.5-4b_vad250	northstar_en+ko-en	asr.qwen-seg-v2-ko+mt.qwen3.5-4b_off	N1/B7: speech_segment_* down, lang_detect_accuracy up, WER/COMET, commit_gap_p90/max, LongYAAL
3	vad-ramp-ko-northstar_en+ko-en	asr.qwen-seg-v2-ko+mt.qwen3.5-4b_vad-ramp	northstar_en+ko-en	asr.qwen-seg-v2-ko+mt.qwen3.5-4b_off	N1/B7: speech_segment_* down, lang_detect_accuracy up, WER/COMET, commit_gap_p90/max, LongYAAL
3	vad-ramp-fast-ko-northstar_en+ko-en	asr.qwen-seg-v2-ko+mt.qwen3.5-4b_vad-ramp-fast	northstar_en+ko-en	asr.qwen-seg-v2-ko+mt.qwen3.5-4b_off	N1/B7: speech_segment_* down, lang_detect_accuracy up, WER/COMET, commit_gap_p90/max, LongYAAL
3	vad-adapt-q75-ko-northstar_en+ko-en	asr.qwen-seg-v2-ko+mt.qwen3.5-4b_vad-adapt-q75	northstar_en+ko-en	asr.qwen-seg-v2-ko+mt.qwen3.5-4b_off	N1/B7: speech_segment_* down, lang_detect_accuracy up, WER/COMET, commit_gap_p90/max, LongYAAL
3	vad-turn-ko-northstar_en+ko-en	asr.qwen-seg-v2-ko+mt.qwen3.5-4b_vad-turn	northstar_en+ko-en	asr.qwen-seg-v2-ko+mt.qwen3.5-4b_off	N1/B7: speech_segment_* down, lang_detect_accuracy up, WER/COMET, commit_gap_p90/max, LongYAAL
3	chunk1.0-ko-northstar_en+ko-en	asr.qwen-seg-v2-ko+mt.qwen3.5-4b_chunk1.0	northstar_en+ko-en	asr.qwen-seg-v2-ko+mt.qwen3.5-4b_off	N1/B7: speech_segment_* down, lang_detect_accuracy up, WER/COMET, commit_gap_p90/max, LongYAAL
3	chunk1.5-ko-northstar_en+ko-en	asr.qwen-seg-v2-ko+mt.qwen3.5-4b_chunk1.5	northstar_en+ko-en	asr.qwen-seg-v2-ko+mt.qwen3.5-4b_off	N1/B7: speech_segment_* down, lang_detect_accuracy up, WER/COMET, commit_gap_p90/max, LongYAAL
3	la-ko-northstar_en+ko-en	asr.qwen-la-ko+mt.qwen3.5-4b_la	northstar_en+ko-en	asr.qwen-seg-v2-ko+mt.qwen3.5-4b_off	Proposal 1: commit_gap_p90/max and LongYAAL down at equal WER/COMET; commits_per_min up
3	la-clause-ko-northstar_en+ko-en	asr.qwen-la-ko+mt.qwen3.5-4b_la-clause	northstar_en+ko-en	asr.qwen-seg-v2-ko+mt.qwen3.5-4b_off	Proposal 1: commit_gap_p90/max and LongYAAL down at equal WER/COMET; commits_per_min up
3	la-chunk1.0-ko-northstar_en+ko-en	asr.qwen-la-ko+mt.qwen3.5-4b_la-chunk1.0	northstar_en+ko-en	asr.qwen-seg-v2-ko+mt.qwen3.5-4b_off	Proposal 1: commit_gap_p90/max and LongYAAL down at equal WER/COMET; commits_per_min up
3	vad550-ko-northstar_en+ko-en_restaurant+cafe	asr.qwen-seg-v2-ko+mt.qwen3.5-4b_vad550	northstar_en+ko-en_restaurant+cafe	asr.qwen-seg-v2-ko+mt.qwen3.5-4b_off	N1/B7: speech_segment_* down, lang_detect_accuracy up, WER/COMET, commit_gap_p90/max, LongYAAL
3	vad400-ko-northstar_en+ko-en_restaurant+cafe	asr.qwen-seg-v2-ko+mt.qwen3.5-4b_vad400	northstar_en+ko-en_restaurant+cafe	asr.qwen-seg-v2-ko+mt.qwen3.5-4b_off	N1/B7: speech_segment_* down, lang_detect_accuracy up, WER/COMET, commit_gap_p90/max, LongYAAL
3	vad250-ko-northstar_en+ko-en_restaurant+cafe	asr.qwen-seg-v2-ko+mt.qwen3.5-4b_vad250	northstar_en+ko-en_restaurant+cafe	asr.qwen-seg-v2-ko+mt.qwen3.5-4b_off	N1/B7: speech_segment_* down, lang_detect_accuracy up, WER/COMET, commit_gap_p90/max, LongYAAL
3	vad-ramp-ko-northstar_en+ko-en_restaurant+cafe	asr.qwen-seg-v2-ko+mt.qwen3.5-4b_vad-ramp	northstar_en+ko-en_restaurant+cafe	asr.qwen-seg-v2-ko+mt.qwen3.5-4b_off	N1/B7: speech_segment_* down, lang_detect_accuracy up, WER/COMET, commit_gap_p90/max, LongYAAL
3	vad-ramp-fast-ko-northstar_en+ko-en_restaurant+cafe	asr.qwen-seg-v2-ko+mt.qwen3.5-4b_vad-ramp-fast	northstar_en+ko-en_restaurant+cafe	asr.qwen-seg-v2-ko+mt.qwen3.5-4b_off	N1/B7: speech_segment_* down, lang_detect_accuracy up, WER/COMET, commit_gap_p90/max, LongYAAL
3	vad-adapt-q75-ko-northstar_en+ko-en_restaurant+cafe	asr.qwen-seg-v2-ko+mt.qwen3.5-4b_vad-adapt-q75	northstar_en+ko-en_restaurant+cafe	asr.qwen-seg-v2-ko+mt.qwen3.5-4b_off	N1/B7: speech_segment_* down, lang_detect_accuracy up, WER/COMET, commit_gap_p90/max, LongYAAL
3	vad-turn-ko-northstar_en+ko-en_restaurant+cafe	asr.qwen-seg-v2-ko+mt.qwen3.5-4b_vad-turn	northstar_en+ko-en_restaurant+cafe	asr.qwen-seg-v2-ko+mt.qwen3.5-4b_off	N1/B7: speech_segment_* down, lang_detect_accuracy up, WER/COMET, commit_gap_p90/max, LongYAAL
3	chunk1.0-ko-northstar_en+ko-en_restaurant+cafe	asr.qwen-seg-v2-ko+mt.qwen3.5-4b_chunk1.0	northstar_en+ko-en_restaurant+cafe	asr.qwen-seg-v2-ko+mt.qwen3.5-4b_off	N1/B7: speech_segment_* down, lang_detect_accuracy up, WER/COMET, commit_gap_p90/max, LongYAAL
3	chunk1.5-ko-northstar_en+ko-en_restaurant+cafe	asr.qwen-seg-v2-ko+mt.qwen3.5-4b_chunk1.5	northstar_en+ko-en_restaurant+cafe	asr.qwen-seg-v2-ko+mt.qwen3.5-4b_off	N1/B7: speech_segment_* down, lang_detect_accuracy up, WER/COMET, commit_gap_p90/max, LongYAAL
3	la-ko-northstar_en+ko-en_restaurant+cafe	asr.qwen-la-ko+mt.qwen3.5-4b_la	northstar_en+ko-en_restaurant+cafe	asr.qwen-seg-v2-ko+mt.qwen3.5-4b_off	Proposal 1: commit_gap_p90/max and LongYAAL down at equal WER/COMET; commits_per_min up
3	la-clause-ko-northstar_en+ko-en_restaurant+cafe	asr.qwen-la-ko+mt.qwen3.5-4b_la-clause	northstar_en+ko-en_restaurant+cafe	asr.qwen-seg-v2-ko+mt.qwen3.5-4b_off	Proposal 1: commit_gap_p90/max and LongYAAL down at equal WER/COMET; commits_per_min up
3	la-chunk1.0-ko-northstar_en+ko-en_restaurant+cafe	asr.qwen-la-ko+mt.qwen3.5-4b_la-chunk1.0	northstar_en+ko-en_restaurant+cafe	asr.qwen-seg-v2-ko+mt.qwen3.5-4b_off	Proposal 1: commit_gap_p90/max and LongYAAL down at equal WER/COMET; commits_per_min up
3	vad-noise-ko-northstar_en+ko-en_restaurant+cafe	asr.qwen-seg-v2-ko+mt.qwen3.5-4b_vad-noise	northstar_en+ko-en_restaurant+cafe	asr.qwen-seg-v2-ko+mt.qwen3.5-4b_off	N1 under noise: VAD start misses (scene1 first speech) and segment length; ASR WER for denoise-mix
3	vad-adapt-noise-ko-northstar_en+ko-en_restaurant+cafe	asr.qwen-seg-v2-ko+mt.qwen3.5-4b_vad-adapt-noise	northstar_en+ko-en_restaurant+cafe	asr.qwen-seg-v2-ko+mt.qwen3.5-4b_off	N1 under noise: VAD start misses (scene1 first speech) and segment length; ASR WER for denoise-mix
3	denoise-vad-ko-northstar_en+ko-en_restaurant+cafe	asr.qwen-seg-v2-ko+mt.qwen3.5-4b_denoise-vad	northstar_en+ko-en_restaurant+cafe	asr.qwen-seg-v2-ko+mt.qwen3.5-4b_off	N1 under noise: VAD start misses (scene1 first speech) and segment length; ASR WER for denoise-mix
3	denoise-mix-ko-northstar_en+ko-en_restaurant+cafe	asr.qwen-seg-v2-ko+mt.qwen3.5-4b_denoise-mix	northstar_en+ko-en_restaurant+cafe	asr.qwen-seg-v2-ko+mt.qwen3.5-4b_off	N1 under noise: VAD start misses (scene1 first speech) and segment length; ASR WER for denoise-mix
3	vad-ramp-en-ns	asr.qwen-seg-v2-en+mt.qwen3.5-4b_vad-ramp	northstar_en+ko-en	asr.qwen-seg-v2-en+mt.qwen3.5-4b_off	N1 with the en model
4	mt-leak-ko-fleurs_en-ko_worklog	asr.qwen-seg-v2-ko+mt.qwen3.5-v2-4b_leak	fleurs_en-ko_worklog	asr.qwen-seg-v2-ko+mt.qwen3.5-v2-4b_off	leak_share down (Qwen3.5 Chinese in Korean: en_1930, en_1695...)
4	mt-meta-ko-fleurs_en-ko_worklog	asr.qwen-seg-v2-ko+mt.qwen3.5-v2-4b_meta	fleurs_en-ko_worklog	asr.qwen-seg-v2-ko+mt.qwen3.5-v2-4b_off	no instruction-answers as translations
4	mt-style-ko-northstar_en+ko-ko	asr.qwen-seg-v2-ko+mt.qwen3.5-v2-4b_style	northstar_en+ko-ko	asr.qwen-seg-v2-ko+mt.qwen3.5-v2-4b_off	Korean register: 해요체, 부장님 not 씨 (read N11 lines)
4	mt-glossary-ko-northstar_en+ko-ko	asr.qwen-seg-v2-ko+mt.qwen3.5-v2-4b_glossary	northstar_en+ko-ko	asr.qwen-seg-v2-ko+mt.qwen3.5-v2-4b_off	term_translation_recall up (names: 김태호, 을지로, 수서역...)
4	mt-cont-ko-northstar_en+ko-ko	asr.qwen-seg-v2-ko+mt.qwen3.5-v2-4b_cont	northstar_en+ko-ko	asr.qwen-seg-v2-ko+mt.qwen3.5-v2-4b_off	fragment translations continue the sentence; COMET/BLEU
4	mt-ctx0-ko-northstar_en+ko-ko	asr.qwen-seg-v2-ko+mt.qwen3.5-v2-4b_ctx0	northstar_en+ko-ko	asr.qwen-seg-v2-ko+mt.qwen3.5-v2-4b_off	context effect
4	mt-ctx3-ko-northstar_en+ko-ko	asr.qwen-seg-v2-ko+mt.qwen3.5-v2-4b_ctx3	northstar_en+ko-ko	asr.qwen-seg-v2-ko+mt.qwen3.5-v2-4b_off	context effect
4	mt-off-ko-northstar_en+ko-ko	asr.qwen-seg-v2-ko+mt.qwen3.5-v2-4b_off	northstar_en+ko-ko	asr.qwen-seg-v2-ko+mt.qwen3.5-4b_off	base for the MT rows on northstar target ko
4	mt-glossary-ko-northstar_en+ko-en	asr.qwen-seg-v2-ko+mt.qwen3.5-v2-4b_glossary	northstar_en+ko-en	asr.qwen-seg-v2-ko+mt.qwen3.5-4b_off	term_translation_recall up for target en
5	bias-ko	asr.qwen-seg-v2-ko+mt.qwen3.5-4b_bias	northstar_en+ko-en	asr.qwen-seg-v2-ko+mt.qwen3.5-4b_off	Proposal 3: term_recall up (names: 지은->Ji-eun, 김 부장님, Whitfield...); watch WER on non-name words
5	bias-recent-ko	asr.qwen-seg-v2-ko+mt.qwen3.5-4b_bias-recent	northstar_en+ko-en	asr.qwen-seg-v2-ko+mt.qwen3.5-4b_off	running context: term_recall and WER
5	bias-en	asr.qwen-seg-v2-en+mt.qwen3.5-4b_bias	northstar_en+ko-en	asr.qwen-seg-v2-en+mt.qwen3.5-4b_off	Proposal 3: term_recall up (names: 지은->Ji-eun, 김 부장님, Whitfield...); watch WER on non-name words
5	bias-recent-en	asr.qwen-seg-v2-en+mt.qwen3.5-4b_bias-recent	northstar_en+ko-en	asr.qwen-seg-v2-en+mt.qwen3.5-4b_off	running context: term_recall and WER
6	all-ko-fleurs_en-ko	asr.qwen-seg-v2-ko+mt.qwen3.5-v2-4b_all	fleurs_en-ko	asr.qwen-seg-ko+mt.qwen3.5-4b	combined: every headline metric vs the v1 run (WORKLOG Results tables)
6	all-ko-fleurs_ko-en	asr.qwen-seg-v2-ko+mt.qwen3.5-v2-4b_all	fleurs_ko-en	asr.qwen-seg-ko+mt.qwen3.5-4b	combined: every headline metric vs the v1 run (WORKLOG Results tables)
6	all-ko-fleurs_ko-en_cafe	asr.qwen-seg-v2-ko+mt.qwen3.5-v2-4b_all	fleurs_ko-en_cafe	asr.qwen-seg-ko+mt.qwen3.5-4b	combined: every headline metric vs the v1 run (WORKLOG Results tables)
6	all-ko-fleurs_ko-en_hall	asr.qwen-seg-v2-ko+mt.qwen3.5-v2-4b_all	fleurs_ko-en_hall	asr.qwen-seg-ko+mt.qwen3.5-4b	combined: every headline metric vs the v1 run (WORKLOG Results tables)
6	all-ko-fleurs_ko+en-en_lvl26	asr.qwen-seg-v2-ko+mt.qwen3.5-v2-4b_all	fleurs_ko+en-en_lvl26	asr.qwen-seg-ko+mt.qwen3.5-4b	combined: every headline metric vs the v1 run (WORKLOG Results tables)
6	all-ko-northstar_en+ko-en	asr.qwen-seg-v2-ko+mt.qwen3.5-v2-4b_all	northstar_en+ko-en	asr.qwen-seg-ko+mt.qwen3.5-4b	combined: every headline metric vs the v1 run (WORKLOG Results tables)
6	all-ko-northstar_en+ko-ko	asr.qwen-seg-v2-ko+mt.qwen3.5-v2-4b_all	northstar_en+ko-ko	asr.qwen-seg-ko+mt.qwen3.5-4b	combined: every headline metric vs the v1 run (WORKLOG Results tables)
6	all-ko-northstar_en+ko-en_restaurant+cafe	asr.qwen-seg-v2-ko+mt.qwen3.5-v2-4b_all	northstar_en+ko-en_restaurant+cafe	asr.qwen-seg-ko+mt.qwen3.5-4b	combined: every headline metric vs the v1 run (WORKLOG Results tables)
6	all-en-fleurs_en-ko	asr.qwen-seg-v2-en+mt.qwen3.5-v2-4b_all	fleurs_en-ko	asr.qwen-seg-en+mt.qwen3.5-4b	combined: every headline metric vs the v1 run (WORKLOG Results tables)
6	all-en-fleurs_ko-en	asr.qwen-seg-v2-en+mt.qwen3.5-v2-4b_all	fleurs_ko-en	asr.qwen-seg-en+mt.qwen3.5-4b	combined: every headline metric vs the v1 run (WORKLOG Results tables)
6	all-en-fleurs_ko+en-en_lvl26	asr.qwen-seg-v2-en+mt.qwen3.5-v2-4b_all	fleurs_ko+en-en_lvl26	asr.qwen-seg-en+mt.qwen3.5-4b	combined: every headline metric vs the v1 run (WORKLOG Results tables)
6	all-en-northstar_en+ko-en	asr.qwen-seg-v2-en+mt.qwen3.5-v2-4b_all	northstar_en+ko-en	asr.qwen-seg-en+mt.qwen3.5-4b	combined: every headline metric vs the v1 run (WORKLOG Results tables)
6	all-en-northstar_en+ko-ko	asr.qwen-seg-v2-en+mt.qwen3.5-v2-4b_all	northstar_en+ko-ko	asr.qwen-seg-en+mt.qwen3.5-4b	combined: every headline metric vs the v1 run (WORKLOG Results tables)
6	all-en-northstar_en+ko-en_restaurant+cafe	asr.qwen-seg-v2-en+mt.qwen3.5-v2-4b_all	northstar_en+ko-en_restaurant+cafe	asr.qwen-seg-en+mt.qwen3.5-4b	combined: every headline metric vs the v1 run (WORKLOG Results tables)
